Timestamp,Elapsed_Sec,INA1_Voltage_V,INA1_Current_A,INA1_Power_W,Energy_Wh,Capacity_mAh,AC_Voltage_V,AC_Current_A,AC_Power_W,CPU_Temp_C,RPM
2026-08-23 16:39:57.286,3.2,12.480,0.200,2.840,0.0025,0.18,364.9,1.04,322.6,0.0,0
2026-08-23 16:39:58.345,4.3,12.480,0.200,2.470,0.0033,0.24,364.6,1.04,321.0,61.7,0
2026-08-23 16:39:59.370,5.3,12.480,0.290,3.260,0.0042,0.32,364.7,1.04,321.2,61.7,0
2026-08-23 16:40:00.486,6.4,12.480,0.210,2.630,0.0050,0.39,364.7,1.04,321.2,62.2,0
2026-08-23 16:40:01.588,7.5,12.480,0.190,2.380,0.0057,0.44,364.9,1.04,322.1,61.7,0
2026-08-23 16:40:02.662,8.6,12.480,0.310,4.560,0.0071,0.54,364.7,1.04,321.4,61.7,0
2026-08-23 16:40:03.733,9.7,12.480,0.190,2.850,0.0079,0.59,364.6,1.04,321.3,62.2,0
2026-08-23 16:40:04.758,10.7,12.480,0.330,3.440,0.0089,0.69,364.7,1.04,321.3,62.2,0
2026-08-23 16:40:05.784,11.7,12.470,0.120,2.050,0.0095,0.72,364.8,1.04,321.6,62.8,0
2026-08-23 16:40:06.873,12.8,12.470,0.130,1.650,0.0100,0.76,364.5,1.04,321.0,62.2,0
2026-08-23 16:40:07.930,13.9,12.480,0.210,1.860,0.0106,0.82,364.6,1.04,320.8,62.2,0
2026-08-23 16:40:08.954,14.9,12.480,0.210,2.180,0.0112,0.88,364.7,1.04,321.3,62.2,0
2026-08-23 16:40:09.984,15.9,12.480,0.270,3.350,0.0121,0.96,364.8,1.04,321.6,62.2,0
2026-08-23 16:40:11.009,16.9,12.480,0.280,3.190,0.0130,1.04,364.7,1.04,321.1,62.2,0
2026-08-23 16:40:12.065,18.0,12.480,0.230,2.120,0.0137,1.11,364.7,1.04,321.1,62.2,0
2026-08-23 16:40:13.187,19.1,12.480,0.180,2.280,0.0144,1.16,364.7,1.04,321.6,62.2,0
2026-08-23 16:40:14.261,20.2,12.480,0.120,1.450,0.0148,1.20,364.7,1.04,321.3,62.2,0
2026-08-23 16:40:15.364,21.3,12.480,0.180,2.230,0.0155,1.25,364.7,1.04,321.4,62.2,0
2026-08-23 16:40:16.395,22.3,12.480,0.170,2.780,0.0163,1.30,364.7,1.04,321.5,62.2,0
2026-08-23 16:40:17.420,23.4,12.480,0.310,3.900,0.0174,1.39,364.7,1.04,321.4,61.7,0
2026-08-23 16:40:18.476,24.4,12.480,0.170,2.850,0.0182,1.44,364.7,1.04,320.9,62.2,0
2026-08-23 16:40:19.571,25.5,12.480,0.280,3.660,0.0193,1.53,364.7,1.04,321.2,62.2,0
2026-08-23 16:40:20.627,26.6,12.470,0.160,2.290,0.0200,1.57,364.6,1.04,320.9,62.2,0
2026-08-23 16:40:21.652,27.6,12.480,0.280,3.500,0.0210,1.65,364.7,1.04,321.2,61.7,0
2026-08-23 16:40:22.712,28.6,12.480,0.220,2.350,0.0217,1.72,364.7,1.04,321.1,61.7,0
2026-08-23 16:40:23.766,29.7,12.480,0.260,2.830,0.0225,1.79,364.7,1.04,321.2,62.2,0
2026-08-23 16:40:24.881,30.8,12.480,0.350,4.380,0.0239,1.90,364.7,1.04,321.1,62.2,0
2026-08-23 16:40:25.984,31.9,12.470,0.260,3.200,0.0249,1.98,364.9,1.04,321.9,62.2,0
2026-08-23 16:40:27.058,33.0,12.470,-0.000,0.000,0.0249,1.98,364.7,1.04,321.3,62.2,0
2026-08-23 16:40:28.129,34.1,12.470,-0.000,0.000,0.0249,1.98,364.4,1.04,321.1,62.2,0
2026-08-23 16:40:29.155,35.1,12.470,-0.000,0.000,0.0249,1.98,364.3,1.04,320.8,62.2,0
2026-08-23 16:40:30.210,36.1,12.460,-0.000,0.000,0.0249,1.98,364.4,1.04,320.9,62.2,0
2026-08-23 16:40:31.268,37.2,12.470,-0.000,0.000,0.0249,1.98,364.6,1.04,321.3,62.2,0
2026-08-23 16:40:32.324,38.3,12.460,-0.000,0.000,0.0249,1.98,364.5,1.04,320.8,62.2,0
2026-08-23 16:40:33.380,39.3,12.460,-0.000,0.000,0.0249,1.98,364.5,1.04,320.7,62.2,0
2026-08-23 16:40:34.439,40.4,12.460,-0.000,0.000,0.0249,1.98,364.5,1.04,321.0,62.2,0
2026-08-23 16:40:35.495,41.4,12.460,-0.000,0.000,0.0249,1.98,364.6,1.04,321.0,62.2,0
2026-08-23 16:40:36.520,42.5,12.460,-0.000,0.000,0.0249,1.98,364.4,1.04,320.7,62.2,0
2026-08-23 16:40:37.658,43.6,12.460,-0.000,0.000,0.0249,1.98,364.3,1.04,321.0,62.2,0
2026-08-23 16:40:38.732,44.7,12.460,-0.000,0.000,0.0249,1.98,364.3,1.04,320.9,62.2,0
2026-08-23 16:40:39.835,45.8,12.460,0.010,0.260,0.0250,1.98,364.6,1.04,321.6,62.2,0
2026-08-23 16:40:40.896,46.8,12.460,-0.000,0.120,0.0250,1.98,364.9,1.04,321.5,62.2,0
2026-08-23 16:40:41.922,47.9,12.470,0.180,1.640,0.0255,2.03,364.8,1.04,321.4,62.2,0
2026-08-23 16:40:42.946,48.9,12.480,0.350,4.310,0.0267,2.13,364.7,1.04,321.4,62.2,0
2026-08-23 16:40:43.976,49.9,12.470,0.240,2.930,0.0275,2.20,364.6,1.04,321.1,62.2,0
2026-08-23 16:40:45.032,51.0,12.480,0.250,3.130,0.0284,2.28,364.5,1.04,320.8,62.2,0
2026-08-23 16:40:46.057,52.0,12.480,0.220,2.720,0.0292,2.34,364.6,1.04,321.4,62.2,0
2026-08-23 16:40:47.146,53.1,12.480,0.280,3.930,0.0304,2.42,364.6,1.04,321.0,62.2,0
2026-08-23 16:40:48.171,54.1,12.470,0.240,2.830,0.0312,2.49,364.6,1.04,321.0,62.2,0
2026-08-23 16:40:49.286,55.2,12.480,0.320,4.020,0.0325,2.59,364.6,1.04,321.1,62.2,0
2026-08-23 16:40:50.360,56.3,12.480,0.260,3.840,0.0336,2.67,364.9,1.04,322.1,62.2,0
2026-08-23 16:40:51.462,57.4,12.480,0.260,3.240,0.0346,2.75,364.6,1.04,321.1,62.2,0
2026-08-23 16:40:52.533,58.5,12.480,0.320,3.990,0.0358,2.84,364.8,1.04,321.9,62.2,0
2026-08-23 16:40:53.558,59.5,12.480,0.190,2.640,0.0365,2.90,364.8,1.04,321.7,62.2,0
2026-08-23 16:40:54.613,60.6,12.480,0.310,3.830,0.0377,2.99,364.7,1.04,321.1,62.2,0
2026-08-23 16:40:55.672,61.6,12.480,0.230,2.810,0.0385,3.06,364.9,1.04,321.7,62.2,0
2026-08-23 16:40:56.763,62.7,12.480,0.290,3.560,0.0396,3.14,364.7,1.04,321.2,62.2,0
2026-08-23 16:40:57.789,63.7,12.480,0.310,3.920,0.0407,3.23,364.7,1.04,321.1,62.2,0
2026-08-23 16:40:58.900,64.8,12.480,0.240,3.040,0.0416,3.31,364.6,1.04,321.1,61.7,0
2026-08-23 16:40:59.960,65.9,12.480,0.260,3.170,0.0425,3.38,364.6,1.04,321.2,62.2,0
2026-08-23 16:41:00.999,66.9,12.480,0.230,2.240,0.0432,3.45,364.7,1.04,321.0,62.8,0
2026-08-23 16:41:02.073,68.0,12.480,0.330,4.070,0.0444,3.55,364.6,1.04,321.3,62.8,0
2026-08-23 16:41:03.080,69.0,12.480,0.290,3.620,0.0454,3.63,364.9,1.04,321.9,62.2,0
2026-08-23 16:41:04.154,70.1,12.480,0.360,3.890,0.0466,3.74,364.8,1.04,321.5,62.2,0
2026-08-23 16:41:05.185,71.1,12.480,0.260,3.210,0.0475,3.81,364.7,1.04,321.5,62.2,0
2026-08-23 16:41:06.210,72.1,12.480,0.290,3.890,0.0486,3.89,364.7,1.04,321.4,62.2,0
2026-08-23 16:41:07.266,73.2,12.470,0.180,1.930,0.0492,3.95,364.6,1.04,321.0,62.2,0
2026-08-23 16:41:08.361,74.3,12.480,0.170,2.380,0.0499,4.00,364.7,1.04,321.3,62.2,0
2026-08-23 16:41:09.403,75.3,12.480,0.200,2.480,0.0506,4.06,364.6,1.04,321.1,62.2,0
2026-08-23 16:41:10.458,76.4,12.480,0.270,3.210,0.0516,4.14,364.6,1.04,321.0,62.2,0
2026-08-23 16:41:11.517,77.5,12.480,0.350,3.830,0.0527,4.24,364.6,1.04,321.1,61.7,0
2026-08-23 16:41:12.559,78.5,12.480,0.230,2.810,0.0535,4.30,364.6,1.04,321.0,62.2,0
2026-08-23 16:41:13.672,79.6,12.480,0.260,3.230,0.0545,4.39,364.7,1.04,321.2,62.2,0
2026-08-23 16:41:14.746,80.7,12.480,0.180,2.610,0.0553,4.44,364.8,1.04,321.6,62.2,0
2026-08-23 16:41:15.849,81.8,12.480,0.200,1.810,0.0558,4.50,364.8,1.04,321.7,62.2,0
2026-08-23 16:41:16.920,82.9,12.480,0.180,1.620,0.0563,4.55,364.9,1.04,321.9,62.8,0
2026-08-23 16:41:18.011,83.9,12.480,0.150,2.180,0.0570,4.60,364.6,1.04,321.2,62.2,0
2026-08-23 16:41:19.037,85.0,12.480,0.220,2.140,0.0576,4.66,364.7,1.04,321.4,62.2,0
2026-08-23 16:41:20.096,86.0,12.480,0.400,4.850,0.0590,4.78,364.9,1.04,321.8,62.2,0
2026-08-23 16:41:21.187,87.1,12.480,0.220,3.460,0.0601,4.85,364.6,1.04,321.1,62.2,0
2026-08-23 16:41:22.213,88.1,12.480,0.290,3.990,0.0612,4.93,364.6,1.04,321.1,62.2,0
2026-08-23 16:41:23.324,89.3,12.480,0.230,2.590,0.0620,5.00,364.6,1.04,321.2,62.2,0
2026-08-23 16:41:24.366,90.3,12.480,0.190,2.350,0.0627,5.05,364.6,1.04,321.0,62.8,0
2026-08-23 16:41:25.422,91.4,12.480,0.170,2.160,0.0633,5.10,364.7,1.04,321.3,62.2,0
2026-08-23 16:41:26.496,92.4,12.480,0.230,2.820,0.0641,5.17,364.8,1.04,321.7,62.2,0
2026-08-23 16:41:27.500,93.4,12.480,0.340,4.960,0.0655,5.27,364.7,1.04,321.3,62.2,0
2026-08-23 16:41:28.603,94.5,12.480,0.300,3.260,0.0665,5.36,364.9,1.04,322.0,62.2,0
2026-08-23 16:41:29.668,95.6,12.480,0.250,3.090,0.0674,5.43,364.7,1.04,321.1,62.2,0
2026-08-23 16:41:30.694,96.6,12.480,0.180,2.870,0.0683,5.49,364.8,1.04,321.4,62.2,0
2026-08-23 16:41:31.719,97.7,12.480,0.180,1.960,0.0688,5.54,364.8,1.04,321.6,62.2,0
2026-08-23 16:41:32.748,98.7,12.480,0.280,3.500,0.0698,5.62,364.7,1.04,321.3,62.2,0
2026-08-23 16:41:33.804,99.7,12.480,0.220,2.930,0.0707,5.68,364.6,1.04,320.9,62.2,0
2026-08-23 16:41:34.830,100.8,12.480,0.260,3.380,0.0716,5.76,364.7,1.04,321.4,62.2,0
2026-08-23 16:41:35.859,101.8,12.480,0.280,3.390,0.0726,5.84,364.7,1.04,321.2,62.2,0
2026-08-23 16:41:36.884,102.8,12.480,0.220,3.200,0.0735,5.90,364.6,1.04,321.2,62.2,0
2026-08-23 16:41:37.940,103.9,12.480,0.210,2.680,0.0743,5.96,364.7,1.04,321.1,62.2,0
2026-08-23 16:41:38.950,104.9,12.480,0.260,2.720,0.0751,6.03,364.8,1.04,321.6,62.2,0
2026-08-23 16:41:39.955,105.9,12.480,0.210,2.650,0.0758,6.09,364.9,1.04,321.9,62.2,0
2026-08-23 16:41:41.029,107.0,12.480,0.320,4.410,0.0771,6.19,364.6,1.04,321.2,62.2,0
2026-08-23 16:41:42.057,108.0,12.480,0.260,2.940,0.0780,6.26,364.6,1.04,321.1,62.2,0
2026-08-23 16:41:43.082,109.0,12.480,0.210,2.650,0.0787,6.32,364.6,1.04,321.0,62.2,0
2026-08-23 16:41:44.137,110.1,12.480,0.210,2.530,0.0795,6.38,364.6,1.04,321.1,62.8,0
2026-08-23 16:41:45.166,111.1,12.480,0.280,3.530,0.0805,6.46,364.6,1.04,321.1,62.2,0
2026-08-23 16:41:46.222,112.2,12.480,0.180,2.870,0.0813,6.51,364.6,1.04,321.1,62.2,0
2026-08-23 16:41:47.304,113.2,12.480,0.280,3.440,0.0823,6.60,364.6,1.03,320.7,62.2,0
2026-08-23 16:41:48.360,114.3,12.480,0.260,3.220,0.0833,6.68,364.8,1.04,321.3,62.2,0
2026-08-23 16:41:49.416,115.4,12.480,0.250,3.000,0.0842,6.75,364.7,1.04,321.2,62.2,0
2026-08-23 16:41:50.481,116.4,12.480,0.220,2.510,0.0849,6.81,364.6,1.04,321.1,62.2,0
2026-08-23 16:41:51.555,117.5,12.480,0.210,2.590,0.0857,6.88,364.8,1.04,321.6,62.2,0
2026-08-23 16:41:52.559,118.5,12.480,0.220,3.440,0.0866,6.94,364.8,1.04,321.7,62.2,0
2026-08-23 16:41:53.630,119.6,12.480,0.240,2.450,0.0874,7.01,364.9,1.04,322.1,62.2,0
2026-08-23 16:41:54.655,120.6,12.490,0.340,4.290,0.0886,7.11,364.7,1.04,321.5,62.2,0
2026-08-23 16:41:55.711,121.6,12.480,0.230,2.900,0.0894,7.17,364.6,1.04,320.8,62.2,0
2026-08-23 16:41:56.770,122.7,12.480,0.280,3.500,0.0905,7.26,364.8,1.04,321.5,62.2,0
2026-08-23 16:41:57.862,123.8,12.480,0.240,2.330,0.0912,7.33,364.6,1.04,321.2,62.2,0
2026-08-23 16:41:58.887,124.8,12.480,0.170,2.100,0.0918,7.38,364.7,1.04,321.1,61.7,0
2026-08-23 16:41:59.946,125.9,12.480,0.220,3.170,0.0927,7.44,364.6,1.04,321.1,62.2,0
2026-08-23 16:42:01.003,126.9,12.480,0.210,2.660,0.0935,7.50,364.6,1.04,321.1,62.2,0
2026-08-23 16:42:02.027,128.0,12.480,0.290,3.410,0.0945,7.59,364.7,1.04,321.2,62.2,0
2026-08-23 16:42:03.120,129.1,12.480,0.260,2.680,0.0953,7.66,364.7,1.04,321.2,62.2,0
2026-08-23 16:42:04.224,130.2,12.480,0.310,3.100,0.0962,7.76,364.6,1.04,321.2,62.2,0
2026-08-23 16:42:05.327,131.3,12.480,0.220,2.060,0.0969,7.83,364.9,1.04,322.1,62.2,0
2026-08-23 16:42:06.359,132.3,12.480,0.170,2.130,0.0975,7.88,364.8,1.04,321.6,62.2,0
2026-08-23 16:42:07.384,133.3,12.480,0.190,3.080,0.0983,7.93,364.8,1.04,321.6,62.2,0
2026-08-23 16:42:08.440,134.4,12.480,0.250,2.600,0.0991,8.00,364.7,1.04,320.9,62.2,0
2026-08-23 16:42:09.535,135.5,12.490,0.370,4.590,0.1005,8.12,364.6,1.04,321.2,62.2,0
2026-08-23 16:42:10.561,136.5,12.480,0.250,3.100,0.1014,8.19,364.7,1.04,321.2,62.2,0
2026-08-23 16:42:11.616,137.6,12.490,0.270,4.000,0.1026,8.27,364.6,1.04,321.1,62.2,0
2026-08-23 16:42:12.675,138.6,12.480,0.210,2.610,0.1033,8.33,364.7,1.04,321.1,62.2,0
2026-08-23 16:42:13.730,139.7,12.480,0.180,2.520,0.1041,8.38,364.7,1.04,321.1,62.8,0
2026-08-23 16:42:14.814,140.8,12.480,0.310,3.420,0.1051,8.47,364.6,1.04,321.2,62.2,0
2026-08-23 16:42:15.888,141.8,12.480,0.210,2.600,0.1059,8.54,364.7,1.04,321.5,62.2,0
2026-08-23 16:42:16.992,142.9,12.480,0.250,3.160,0.1068,8.61,364.8,1.04,321.7,62.2,0
2026-08-23 16:42:18.062,144.0,12.490,0.320,4.000,0.1080,8.71,364.8,1.04,321.9,62.2,0
2026-08-23 16:42:19.087,145.0,12.480,0.230,2.930,0.1089,8.77,364.6,1.04,321.5,62.2,0
2026-08-23 16:42:20.114,146.0,12.480,0.280,2.860,0.1097,8.85,364.7,1.04,321.4,62.2,0
2026-08-23 16:42:21.142,147.1,12.480,0.210,2.560,0.1104,8.91,364.6,1.04,321.3,62.2,0
2026-08-23 16:42:22.168,148.1,12.490,0.330,4.070,0.1116,9.01,364.7,1.04,321.5,62.2,0
2026-08-23 16:42:23.224,149.2,12.480,0.220,2.730,0.1124,9.07,364.6,1.04,320.8,62.2,0
2026-08-23 16:42:24.283,150.2,12.480,0.250,3.110,0.1133,9.15,364.8,1.04,321.7,62.2,0
2026-08-23 16:42:25.375,151.3,12.490,0.350,3.760,0.1144,9.25,364.7,1.04,321.1,62.2,0
2026-08-23 16:42:26.401,152.3,12.480,0.240,2.300,0.1151,9.32,364.6,1.04,321.1,62.8,0
2026-08-23 16:42:27.402,153.3,12.480,0.260,3.420,0.1160,9.39,364.6,1.04,321.0,62.2,0
2026-08-23 16:42:28.410,154.3,12.480,0.190,1.920,0.1166,9.45,364.8,1.04,321.8,62.2,0
2026-08-23 16:42:29.483,155.4,12.480,0.230,2.770,0.1174,9.51,364.6,1.04,320.9,62.2,0
2026-08-23 16:42:30.510,156.4,12.480,0.240,3.490,0.1184,9.58,364.8,1.04,321.7,62.2,0
2026-08-23 16:42:31.535,157.5,12.490,0.400,4.980,0.1198,9.70,364.7,1.04,321.0,62.2,0
2026-08-23 16:42:32.590,158.5,12.480,0.200,2.440,0.1205,9.76,364.7,1.04,321.1,62.2,0
2026-08-23 16:42:33.649,159.6,12.480,0.320,4.000,0.1217,9.85,364.6,1.04,321.1,62.2,0
2026-08-23 16:42:34.705,160.6,12.480,0.230,2.880,0.1226,9.92,364.6,1.04,320.9,62.2,0
2026-08-23 16:42:35.731,161.7,12.480,0.140,1.740,0.1230,9.96,364.8,1.04,321.5,62.2,0
2026-08-23 16:42:36.820,162.8,12.480,0.280,3.530,0.1241,10.04,364.6,1.04,321.1,62.2,0
2026-08-23 16:42:37.847,163.8,12.480,0.270,3.340,0.1251,10.12,364.7,1.04,321.3,61.7,0
2026-08-23 16:42:38.903,164.8,12.490,0.390,4.810,0.1265,10.23,364.8,1.04,321.6,62.2,0
2026-08-23 16:42:39.921,165.9,12.480,0.290,3.660,0.1275,10.32,364.8,1.04,321.5,62.2,0
2026-08-23 16:42:40.965,166.9,12.480,0.300,3.810,0.1286,10.40,364.9,1.04,322.0,62.2,0
2026-08-23 16:42:42.038,168.0,12.480,0.240,3.040,0.1295,10.47,364.8,1.04,321.5,62.2,0
2026-08-23 16:42:43.097,169.0,12.480,0.220,2.800,0.1303,10.54,364.7,1.04,321.0,62.2,0
2026-08-23 16:42:44.152,170.1,12.480,0.240,3.040,0.1312,10.61,364.6,1.04,321.1,62.2,0
2026-08-23 16:42:45.233,171.2,12.480,0.200,2.440,0.1320,10.67,364.5,1.03,320.6,62.2,0
2026-08-23 16:42:46.289,172.2,12.480,0.230,2.190,0.1326,10.74,364.7,1.04,321.4,62.2,0
2026-08-23 16:42:47.344,173.3,12.490,0.300,4.180,0.1338,10.82,364.6,1.04,321.3,62.2,0
2026-08-23 16:42:48.403,174.3,12.480,0.230,2.380,0.1345,10.89,364.8,1.04,321.4,62.8,0
2026-08-23 16:42:49.459,175.4,12.480,0.230,2.820,0.1354,10.96,364.6,1.04,321.2,61.7,0
2026-08-23 16:42:50.500,176.4,12.480,0.170,2.070,0.1360,11.01,364.7,1.04,321.4,62.2,0
2026-08-23 16:42:51.595,177.5,12.480,0.170,1.940,0.1366,11.06,364.6,1.04,321.0,62.2,0
2026-08-23 16:42:52.603,178.5,12.480,0.180,2.270,0.1372,11.11,364.9,1.04,321.9,62.2,0
2026-08-23 16:42:53.676,179.6,12.480,0.310,3.850,0.1383,11.20,364.8,1.04,321.6,62.2,0
2026-08-23 16:42:54.744,180.7,12.480,0.290,3.820,0.1395,11.29,364.8,1.04,321.6,62.2,0
2026-08-23 16:42:55.770,181.7,12.480,0.230,3.400,0.1404,11.35,364.7,1.04,321.4,62.2,0
2026-08-23 16:42:56.825,182.8,12.480,0.240,2.670,0.1412,11.42,364.6,1.04,321.1,62.2,0
2026-08-23 16:42:57.885,183.8,12.480,0.170,2.700,0.1420,11.47,364.8,1.04,321.2,62.2,0
2026-08-23 16:42:58.938,184.9,12.490,0.320,4.010,0.1432,11.57,364.7,1.04,321.1,62.2,0
2026-08-23 16:42:59.979,185.9,12.480,0.230,2.830,0.1440,11.64,364.6,1.04,321.0,62.2,0
2026-08-23 16:43:01.031,187.0,12.490,0.340,4.290,0.1453,11.73,364.7,1.04,321.5,62.2,0
2026-08-23 16:43:02.057,188.0,12.480,0.250,3.120,0.1462,11.81,364.6,1.04,320.8,62.8,0
2026-08-23 16:43:03.113,189.0,12.480,0.280,3.550,0.1472,11.89,364.7,1.04,321.3,62.2,0
2026-08-23 16:43:04.187,190.1,12.480,0.230,2.830,0.1480,11.96,364.8,1.04,321.5,61.7,0
2026-08-23 16:43:05.192,191.1,12.480,0.180,2.090,0.1486,12.01,364.9,1.04,322.0,62.2,0
2026-08-23 16:43:06.265,192.2,12.480,0.280,3.530,0.1497,12.09,364.7,1.04,321.5,62.2,0
2026-08-23 16:43:07.296,193.2,12.480,0.250,3.000,0.1505,12.16,364.7,1.04,321.3,62.2,0
2026-08-23 16:43:08.322,194.3,12.490,0.260,4.010,0.1517,12.24,364.7,1.04,321.2,61.7,0
2026-08-23 16:43:09.377,195.3,12.480,0.230,2.830,0.1525,12.30,364.7,1.04,321.2,62.2,0
2026-08-23 16:43:10.376,196.3,12.480,0.160,2.690,0.1533,12.35,364.7,1.04,321.7,62.8,0
2026-08-23 16:43:11.403,197.3,12.480,0.140,1.790,0.1538,12.39,364.8,1.04,321.6,62.2,0
2026-08-23 16:43:12.458,198.4,12.480,0.170,2.710,0.1546,12.44,364.7,1.04,321.4,61.7,0
2026-08-23 16:43:13.488,199.4,12.480,0.230,2.880,0.1554,12.50,364.6,1.04,321.1,62.2,0
2026-08-23 16:43:14.544,200.5,12.490,0.370,4.030,0.1566,12.61,364.6,1.04,320.9,62.2,0
2026-08-23 16:43:15.570,201.5,12.480,0.220,2.800,0.1574,12.67,364.7,1.04,321.4,62.2,0
2026-08-23 16:43:16.647,202.6,12.490,0.240,3.040,0.1583,12.75,364.7,1.04,321.3,62.2,0
2026-08-23 16:43:17.654,203.6,12.480,0.200,2.250,0.1589,12.80,364.8,1.04,321.8,62.2,0
2026-08-23 16:43:18.780,204.7,12.480,0.180,1.950,0.1595,12.86,364.7,1.04,321.4,62.2,0
2026-08-23 16:43:19.835,205.8,12.480,0.190,2.720,0.1603,12.91,364.7,1.04,321.4,62.8,0
2026-08-23 16:43:20.891,206.8,12.480,0.210,3.160,0.1612,12.98,364.7,1.04,321.2,62.2,0
2026-08-23 16:43:21.950,207.9,12.490,0.310,4.750,0.1626,13.07,364.6,1.04,321.3,62.2,0
2026-08-23 16:43:23.005,208.9,12.480,0.280,3.020,0.1635,13.15,364.6,1.04,321.1,62.2,0
2026-08-23 16:43:24.031,210.0,12.480,0.210,3.230,0.1644,13.21,364.7,1.04,321.4,62.2,0
2026-08-23 16:43:25.121,211.1,12.480,0.230,3.230,0.1654,13.28,364.6,1.04,321.1,62.2,0
2026-08-23 16:43:26.176,212.1,12.480,0.190,2.320,0.1661,13.33,364.7,1.04,321.2,62.2,0
2026-08-23 16:43:27.202,213.1,12.480,0.200,2.450,0.1668,13.39,364.7,1.04,321.3,62.2,0
2026-08-23 16:43:28.301,214.2,12.480,0.220,3.160,0.1678,13.46,364.7,1.04,321.4,62.2,0
2026-08-23 16:43:29.377,215.3,12.490,0.300,4.230,0.1690,13.55,364.7,1.04,321.6,62.2,0
2026-08-23 16:43:30.381,216.3,12.480,0.260,2.980,0.1699,13.62,364.9,1.04,321.9,62.8,0
2026-08-23 16:43:31.449,217.4,12.490,0.300,2.980,0.1707,13.71,364.8,1.04,321.6,62.2,0
2026-08-23 16:43:32.504,218.4,12.480,0.190,1.720,0.1712,13.77,364.5,1.04,321.1,61.7,0
2026-08-23 16:43:33.560,219.5,12.480,0.190,2.310,0.1719,13.82,364.6,1.04,321.1,62.2,0
2026-08-23 16:43:34.640,220.6,12.480,0.200,2.550,0.1727,13.88,364.6,1.04,321.1,62.2,0
2026-08-23 16:43:35.696,221.6,12.480,0.210,2.350,0.1734,13.94,364.6,1.04,321.2,62.2,0
2026-08-23 16:43:36.722,222.7,12.480,0.260,3.590,0.1744,14.02,364.6,1.04,320.8,62.2,0
2026-08-23 16:43:37.751,223.7,12.480,0.180,2.230,0.1750,14.07,364.8,1.04,321.7,62.2,0
2026-08-23 16:43:38.807,224.7,12.480,0.270,3.330,0.1760,14.15,364.6,1.04,321.0,62.2,0
2026-08-23 16:43:39.834,225.8,12.480,0.210,2.000,0.1766,14.21,364.7,1.04,321.5,62.2,0
2026-08-23 16:43:40.908,226.8,12.490,0.310,3.840,0.1777,14.30,364.8,1.04,322.0,62.2,0
2026-08-23 16:43:41.982,227.9,12.480,0.220,2.280,0.1784,14.37,364.8,1.04,321.8,62.2,0
2026-08-23 16:43:43.027,229.0,12.490,0.360,4.060,0.1796,14.47,364.8,1.04,322.0,62.2,0
2026-08-23 16:43:44.055,230.0,12.480,0.270,3.600,0.1806,14.55,364.6,1.04,321.1,62.2,0
2026-08-23 16:43:45.110,231.0,12.490,0.200,2.520,0.1814,14.61,364.5,1.04,321.1,62.2,0
2026-08-23 16:43:46.136,232.1,12.480,0.220,2.990,0.1822,14.67,364.6,1.04,321.1,62.2,0
2026-08-23 16:43:47.195,233.1,12.480,0.140,1.690,0.1827,14.71,364.7,1.04,321.1,62.2,0
2026-08-23 16:43:48.250,234.2,12.480,0.270,3.320,0.1837,14.79,364.7,1.04,321.1,62.2,0
2026-08-23 16:43:49.361,235.3,12.480,0.180,2.290,0.1844,14.84,364.7,1.04,321.2,62.2,0
2026-08-23 16:43:50.388,236.3,12.490,0.340,4.170,0.1856,14.94,364.6,1.04,320.8,62.2,0
2026-08-23 16:43:51.443,237.4,12.480,0.210,2.680,0.1864,15.00,364.8,1.04,321.4,62.2,0
2026-08-23 16:43:52.538,238.5,12.480,0.240,3.050,0.1873,15.08,364.6,1.04,321.1,62.2,0
2026-08-23 16:43:53.543,239.5,12.480,0.220,2.570,0.1880,15.14,364.9,1.04,322.2,62.2,0
2026-08-23 16:43:54.616,240.6,12.490,0.230,2.930,0.1889,15.21,364.7,1.04,321.5,62.2,0
2026-08-23 16:43:55.687,241.6,12.480,0.250,3.720,0.1900,15.28,364.8,1.04,321.7,62.2,0
2026-08-23 16:43:56.713,242.6,12.480,0.210,2.670,0.1907,15.34,364.7,1.04,321.4,62.8,0
2026-08-23 16:43:57.768,243.7,12.490,0.350,4.360,0.1920,15.44,364.7,1.04,321.0,62.2,0
2026-08-23 16:43:58.797,244.7,12.490,0.250,3.080,0.1929,15.51,364.8,1.04,321.5,62.8,0
2026-08-23 16:43:59.823,245.8,12.490,0.280,3.430,0.1939,15.59,364.7,1.04,321.3,62.2,0
2026-08-23 16:44:00.849,246.8,12.480,0.150,2.310,0.1945,15.64,364.8,1.04,321.6,62.2,0
2026-08-23 16:44:01.938,247.9,12.480,0.190,2.350,0.1952,15.69,364.7,1.04,321.2,62.2,0
2026-08-23 16:44:02.993,248.9,12.490,0.210,3.260,0.1962,15.76,364.6,1.04,321.0,62.2,0
2026-08-23 16:44:04.049,250.0,12.480,0.230,2.880,0.1970,15.82,364.7,1.04,321.1,62.2,0
2026-08-23 16:44:05.171,251.1,12.480,0.220,3.130,0.1980,15.89,364.7,1.04,321.6,61.7,0
2026-08-23 16:44:06.245,252.2,12.490,0.300,3.700,0.1991,15.98,364.8,1.04,321.6,62.2,0
2026-08-23 16:44:07.348,253.3,12.480,0.210,2.680,0.1999,16.05,364.8,1.04,321.9,62.2,0
2026-08-23 16:44:08.381,254.3,12.480,0.260,3.300,0.2009,16.12,364.8,1.04,321.5,62.2,0
2026-08-23 16:44:09.436,255.4,12.480,0.190,2.360,0.2016,16.18,364.7,1.04,321.2,62.2,0
2026-08-23 16:44:10.461,256.4,12.480,0.220,2.480,0.2023,16.24,364.8,1.04,321.6,61.7,0
2026-08-23 16:44:11.490,257.4,12.480,0.150,1.910,0.2028,16.28,364.6,1.04,321.2,62.2,0
2026-08-23 16:44:12.546,258.5,12.490,0.330,4.060,0.2040,16.38,364.6,1.04,320.9,62.2,0
2026-08-23 16:44:13.571,259.5,12.490,0.230,2.860,0.2048,16.44,364.7,1.04,321.4,61.7,0
2026-08-23 16:44:14.601,260.5,12.480,0.200,3.170,0.2057,16.50,364.6,1.04,321.1,62.2,0
2026-08-23 16:44:15.626,261.6,12.480,0.150,2.550,0.2065,16.54,364.7,1.04,321.0,62.2,0
2026-08-23 16:44:16.682,262.6,12.480,0.140,2.220,0.2071,16.58,364.6,1.04,321.0,62.2,0
2026-08-23 16:44:17.692,263.6,12.480,0.170,2.240,0.2078,16.63,364.8,1.04,321.9,62.2,0
2026-08-23 16:44:18.697,264.6,12.490,0.350,3.620,0.2088,16.73,364.9,1.04,321.9,61.7,0
2026-08-23 16:44:19.771,265.7,12.480,0.270,3.400,0.2098,16.81,364.8,1.04,321.8,62.2,0
2026-08-23 16:44:20.799,266.7,12.490,0.230,3.560,0.2108,16.88,364.7,1.04,321.1,62.2,0
2026-08-23 16:44:21.840,267.8,12.480,0.180,2.250,0.2114,16.93,364.7,1.04,321.1,62.2,0
2026-08-23 16:44:22.951,268.9,12.480,0.190,2.440,0.2122,16.99,364.7,1.04,321.1,62.2,0
2026-08-23 16:44:23.977,269.9,12.480,0.250,3.140,0.2131,17.06,364.6,1.04,321.0,62.2,0
2026-08-23 16:44:25.032,271.0,12.480,0.220,2.730,0.2139,17.12,364.7,1.04,321.2,62.2,0
2026-08-23 16:44:26.091,272.0,12.490,0.360,4.450,0.2152,17.23,364.7,1.04,321.3,62.2,0
2026-08-23 16:44:27.147,273.1,12.490,0.280,3.660,0.2163,17.31,364.7,1.04,321.1,63.3,0
2026-08-23 16:44:28.173,274.1,12.480,0.250,3.160,0.2172,17.38,364.7,1.04,321.4,62.2,0
2026-08-23 16:44:29.209,275.1,12.490,0.260,2.660,0.2179,17.46,364.7,1.04,321.5,62.2,0
2026-08-23 16:44:30.282,276.2,12.480,0.150,1.900,0.2185,17.50,364.7,1.04,321.3,62.2,0
2026-08-23 16:44:31.327,277.3,12.480,0.220,2.690,0.2193,17.57,364.8,1.04,322.0,62.2,0
2026-08-23 16:44:32.398,278.3,12.490,0.240,2.930,0.2202,17.64,364.6,1.04,321.0,62.2,0
2026-08-23 16:44:33.453,279.4,12.490,0.340,4.690,0.2215,17.74,364.6,1.04,320.8,62.2,0
2026-08-23 16:44:34.478,280.4,12.490,0.240,2.950,0.2224,17.80,364.8,1.04,321.4,62.2,0
2026-08-23 16:44:35.507,281.4,12.490,0.280,2.860,0.2232,17.88,364.8,1.04,321.7,62.8,0
2026-08-23 16:44:36.532,282.5,12.480,0.130,2.160,0.2238,17.92,364.6,1.04,321.1,62.2,0
2026-08-23 16:44:37.588,283.5,12.480,0.180,2.250,0.2245,17.97,364.7,1.04,321.1,62.2,0
2026-08-23 16:44:38.670,284.6,12.480,0.180,2.520,0.2252,18.03,364.6,1.04,321.2,62.2,0
2026-08-23 16:44:39.726,285.7,12.480,0.210,2.670,0.2260,18.09,364.7,1.04,321.3,62.2,0
2026-08-23 16:44:40.782,286.7,12.490,0.370,4.360,0.2273,18.20,364.7,1.04,321.1,62.2,0
2026-08-23 16:44:41.787,287.7,12.480,0.190,2.490,0.2280,18.25,364.7,1.04,321.3,62.2,0
2026-08-23 16:44:42.891,288.8,12.490,0.250,3.470,0.2290,18.33,364.9,1.04,322.1,62.2,0
2026-08-23 16:44:43.964,289.9,12.490,0.240,2.960,0.2299,18.40,364.6,1.04,320.9,62.8,0
2026-08-23 16:44:44.999,290.9,12.480,0.200,2.490,0.2306,18.46,364.8,1.04,321.6,62.2,0
2026-08-23 16:44:46.024,292.0,12.480,0.180,2.500,0.2314,18.51,364.8,1.04,321.6,62.2,0
2026-08-23 16:44:47.064,293.0,12.490,0.260,3.190,0.2323,18.58,364.7,1.04,321.2,62.2,0
2026-08-23 16:44:48.124,294.1,12.490,0.250,3.890,0.2334,18.66,364.7,1.04,321.3,62.2,0
2026-08-23 16:44:49.180,295.1,12.480,0.160,2.410,0.2341,18.70,364.8,1.04,321.4,62.8,0
2026-08-23 16:44:50.205,296.1,12.480,0.220,3.000,0.2350,18.77,364.8,1.04,321.6,62.2,0
2026-08-23 16:44:51.234,297.2,12.480,0.170,2.080,0.2356,18.82,364.7,1.04,321.2,62.2,0
2026-08-23 16:44:52.260,298.2,12.490,0.320,4.050,0.2367,18.91,364.8,1.04,321.3,62.2,0
2026-08-23 16:44:53.352,299.3,12.480,0.220,2.550,0.2375,18.97,364.6,1.04,321.1,62.2,0
2026-08-23 16:44:54.363,300.3,12.490,0.370,4.580,0.2388,19.08,364.8,1.04,321.9,62.2,0
